{"cameraMode":{"drawMode":0,"name":"Shaded","section":"Shading Mode"},"sceneLighting":true,"audioPlay":false,"sceneViewState":{"showFog":true,"showMaterialUpdate":false,"showSkybox":true,"showFlares":true,"showImageEffects":true,"showParticleSystems":true},"in2DMode":false,"pivot":{"x":1.8164825439453126,"y":-0.2881946563720703,"z":6.535277843475342},"rotation":{"x":0.17386043071746827,"y":0.18346162140369416,"z":-0.03298649936914444,"w":0.9669710993766785},"size":5.728963375091553,"orthographic":false}