{"cameraMode":{"drawMode":0,"name":"Shaded","section":"Shading Mode"},"sceneLighting":true,"audioPlay":false,"sceneViewState":{"showFog":true,"showMaterialUpdate":false,"showSkybox":true,"showFlares":true,"showImageEffects":true,"showParticleSystems":true},"in2DMode":false,"pivot":{"x":2.842366933822632,"y":-1.4621551036834717,"z":5.662753582000732},"rotation":{"x":0.17386043071746827,"y":0.18346162140369416,"z":-0.03298649936914444,"w":0.9669710993766785},"size":4.762124061584473,"orthographic":false}