{"cameraMode":{"drawMode":0,"name":"Shaded","section":"Shading Mode"},"sceneLighting":true,"audioPlay":false,"sceneViewState":{"showFog":true,"showMaterialUpdate":false,"showSkybox":true,"showFlares":true,"showImageEffects":true,"showParticleSystems":true},"in2DMode":false,"pivot":{"x":0.7831098437309265,"y":0.32692623138427737,"z":0.7084926962852478},"rotation":{"x":0.13660573959350587,"y":0.3471214473247528,"z":-0.05117914825677872,"w":0.9264180064201355},"size":0.4316316843032837,"orthographic":false}