{"cameraMode":{"drawMode":0,"name":"Shaded","section":"Shading Mode"},"sceneLighting":true,"audioPlay":false,"sceneViewState":{"showFog":true,"showMaterialUpdate":false,"showSkybox":true,"showFlares":true,"showImageEffects":true,"showParticleSystems":true},"in2DMode":false,"pivot":{"x":2.3236048221588136,"y":-0.8623170852661133,"z":6.106307506561279},"rotation":{"x":0.17386043071746827,"y":0.18346162140369416,"z":-0.03298649936914444,"w":0.9669710993766785},"size":4.828962802886963,"orthographic":false}