{"cameraMode":{"drawMode":0,"name":"Shaded","section":"Shading Mode"},"sceneLighting":true,"audioPlay":false,"sceneViewState":{"showFog":true,"showMaterialUpdate":false,"showSkybox":true,"showFlares":true,"showImageEffects":true,"showParticleSystems":true},"in2DMode":false,"pivot":{"x":0.5051644444465637,"y":1.233156681060791,"z":0.3898228406906128},"rotation":{"x":0.10621920228004456,"y":0.13381704688072205,"z":-0.014422022737562657,"w":0.9852049350738525},"size":1.407846212387085,"orthographic":false}