{"cameraMode":{"drawMode":0,"name":"Shaded","section":"Shading Mode"},"sceneLighting":true,"audioPlay":false,"sceneViewState":{"showFog":true,"showMaterialUpdate":false,"showSkybox":true,"showFlares":true,"showImageEffects":true,"showParticleSystems":true},"in2DMode":false,"pivot":{"x":0.9454998970031738,"y":1.1989202499389649,"z":1.1055355072021485},"rotation":{"x":0.11165252327919007,"y":-0.014905666001141072,"z":0.0016747931949794293,"w":0.993634819984436},"size":10.41931438446045,"orthographic":false}