{"cameraMode":{"drawMode":0,"name":"Shaded","section":"Shading Mode"},"sceneLighting":true,"audioPlay":false,"sceneViewState":{"showFog":true,"showMaterialUpdate":false,"showSkybox":true,"showFlares":true,"showImageEffects":true,"showParticleSystems":true},"in2DMode":false,"pivot":{"x":2.714538097381592,"y":-2.1268253326416017,"z":5.4476141929626469},"rotation":{"x":0.17386043071746827,"y":0.18346162140369416,"z":-0.03298649936914444,"w":0.9669710993766785},"size":6.562125205993652,"orthographic":false}