{"cameraMode":{"drawMode":0,"name":"Shaded","section":"Shading Mode"},"sceneLighting":true,"audioPlay":false,"sceneViewState":{"showFog":true,"showMaterialUpdate":false,"showSkybox":true,"showFlares":true,"showImageEffects":true,"showParticleSystems":true},"in2DMode":false,"pivot":{"x":4.533920764923096,"y":-1.817878007888794,"z":-2.9080207347869875},"rotation":{"x":0.14556823670864106,"y":0.7894836068153381,"z":-0.20529161393642426,"w":0.5598104596138},"size":6.759580612182617,"orthographic":false}